[
  {
    "id": "455527df-ed5a-4c64-ac15-d783f2173b43",
    "data": [
      {
        "text": "SHIRT",
        "meta": "@sys.ignore",
        "userDefined": true
      }
    ],
    "isTemplate": false,
    "count": 0,
    "updated": 1535345612
  },
  {
    "id": "21e23875-35b2-428c-8e63-102a4f157cf8",
    "data": [
      {
        "text": "PANT",
        "meta": "@sys.ignore",
        "userDefined": true
      }
    ],
    "isTemplate": false,
    "count": 0,
    "updated": 1535345612
  },
  {
    "id": "6a2eb359-2ef2-4d0f-bdac-19d45a4fc85b",
    "data": [
      {
        "text": "TEE",
        "meta": "@sys.ignore",
        "userDefined": true
      }
    ],
    "isTemplate": false,
    "count": 0,
    "updated": 1535345612
  }
]