[
  {
    "id": "09e41ffd-33c6-4807-82d7-e87affacf7bf",
    "data": [
      {
        "text": "pizza please",
        "userDefined": false
      }
    ],
    "isTemplate": false,
    "count": 1,
    "updated": 1511713787
  },
  {
    "id": "521f0073-789b-40f9-927b-0f9442953d8d",
    "data": [
      {
        "text": "pizza please",
        "userDefined": false
      }
    ],
    "isTemplate": false,
    "count": 0,
    "updated": 0
  },
  {
    "id": "0ed3d9d9-8cda-4d6f-a46e-f71d4f828074",
    "data": [
      {
        "text": "I want to order a pizza please",
        "userDefined": false
      }
    ],
    "isTemplate": false,
    "count": 0,
    "updated": 1511713787
  },
  {
    "id": "0ca1e847-0e14-4c6e-a5ef-5598b1312a4a",
    "data": [
      {
        "text": "I want to order a pizza",
        "userDefined": false
      }
    ],
    "isTemplate": false,
    "count": 0,
    "updated": 1511713787
  }
]