[
  {
    "id": "d2c01353-c9e9-4722-9684-240929c1f421",
    "data": [
      {
        "text": "Hello",
        "userDefined": false
      }
    ],
    "isTemplate": false,
    "count": 1,
    "updated": 1510928053
  },
  {
    "id": "7e07e983-132a-4a4f-9983-d2149e4d1802",
    "data": [
      {
        "text": "Hey",
        "userDefined": false
      }
    ],
    "isTemplate": false,
    "count": 0,
    "updated": 1510928053
  },
  {
    "id": "5da30938-125d-4f71-863b-bfb351d4b47f",
    "data": [
      {
        "text": "Hi",
        "userDefined": false
      }
    ],
    "isTemplate": false,
    "count": 0,
    "updated": 1510928053
  }
]